,customer names,loan amount for jan,loan amount for feb,loan amount for mar,loan amount for apr,loan amount paid for may,loan amount for jun,loan amount for jul,loan amount for aug,loan amount for sep,loan amount for oct,loan amount for nov,loan amount for dec,no of months rent paid for,Ontime payment,Ontime for how many months,behind payment,behind payment amount,behind amount by months,score
0,Michael Lin,3200.0,2000.0,200.0,2100.0,4600.0,2500,300.0,2100.0,3900,1900,1200.0,400.0,10,no,12,no,15300.0,12023110110,637
1,William Welch,4000.0,2700.0,2400.0,800.0,4400.0,2500,2000.0,2900.0,3400,2000,500.0,2800.0,10,no,7,yes,16200.0,12011212112,36
2,Danielle Smith,3800.0,3500.0,4600.0,500.0,1000.0,1100,3000.0,2700.0,2500,2700,2200.0,4100.0,10,no,3,no,17500.0,1011211111,693
3,Marcus Caldwell,3800.0,3300.0,4100.0,2200.0,1000.0,3000,3200.0,2600.0,3900,4000,1400.0,3900.0,9,no,6,yes,14200.0,12022111111,362
4,Melanie Hayden,4800.0,2500.0,4100.0,5200.0,2800.0,3000,2000.0,3000.0,3800,3300,400.0,4000.0,11,yes,8,no,19700.0,112012212112,131
5,Mr. Thomas Villegas,4600.0,3600.0,4900.0,3600.0,1900.0,2100,2600.0,3400.0,3000,1700,1000.0,4400.0,11,yes,10,no,16800.0,1111211111,745
6,Jessica Cobb,5200.0,3200.0,2100.0,900.0,2100.0,1200,300.0,2900.0,3700,2000,300.0,2400.0,7,no,9,yes,36500.0,123032111111,87
7,Andrea Pope,5500.0,3900.0,4600.0,5200.0,900.0,2300,3600.0,3900.0,3500,3500,300.0,4300.0,11,yes,6,yes,19100.0,10111220010,72
8,Nathan Rivera,3300.0,900.0,1200.0,1400.0,1100.0,1400,1700.0,400.0,1200,1200,3300.0,1400.0,10,no,4,yes,22400.0,11022221011,345
9,Stephanie Reeves,3200.0,800.0,2700.0,200.0,3200.0,1700,1900.0,600.0,2200,1000,1400.0,2800.0,9,yes,6,no,15900.0,201320011,493
10,Robert Hall,3800.0,700.0,800.0,1200.0,1000.0,1200,2100.0,400.0,1600,1100,1900.0,1000.0,10,no,8,yes,31800.0,2210010,450
11,Carolyn Banks,3900.0,800.0,4200.0,2500.0,3800.0,2100,2600.0,1400.0,1400,1400,1900.0,3900.0,10,yes,2,yes,16600.0,111102212011,730
12,Samuel Wagner,3700.0,3800.0,1400.0,5900.0,2200.0,3200,3900.0,3600.0,3300,4000,3600.0,1600.0,12,yes,9,no,6200.0,21122220111,875
13,Steven Bell,3000.0,500.0,1800.0,1000.0,3600.0,1500,200.0,100.0,1000,900,3300.0,1200.0,10,no,11,yes,23800.0,1102210210,129
14,Amber Jones,4300.0,3500.0,3700.0,5500.0,1800.0,2300,2300.0,2900.0,2400,3100,3100.0,3400.0,12,no,12,yes,16800.0,110202321011,811
15,Dennis Rose,4700.0,3600.0,4700.0,5700.0,800.0,2400,2400.0,3300.0,3300,3900,2400.0,4200.0,11,yes,6,no,15000.0,121121212011,432
16,Thomas Gonzalez,4100.0,2600.0,4000.0,2200.0,3900.0,1900,1800.0,2700.0,2700,1800,2400.0,3700.0,11,no,11,yes,16100.0,102201211212,278
17,Jason Pittman,3400.0,1800.0,100.0,1500.0,3400.0,1400,1500.0,1100.0,1100,1300,1900.0,100.0,9,no,6,yes,22700.0,11112320111,375
18,Paul Kent,5100.0,4000.0,2800.0,6500.0,300.0,3100,4000.0,4000.0,3200,3800,1300.0,3200.0,11,yes,11,no,20100.0,112002211111,716
19,Clayton Rush MD,3000.0,600.0,2100.0,1700.0,3100.0,1400,100.0,500.0,1800,900,2900.0,2300.0,9,yes,5,no,21900.0,110211110110,316
20,Debbie Hamilton,4400.0,2900.0,4100.0,5100.0,1200.0,1400,900.0,2300.0,1800,2400,600.0,3700.0,11,yes,8,no,21400.0,100201210010,769
21,Jonathan Harris,4600.0,3900.0,4500.0,6200.0,2300.0,2200,1800.0,3900.0,2200,2800,1000.0,4200.0,11,yes,4,no,16800.0,20112321011,56
22,Juan Barrett,5500.0,3300.0,4900.0,5900.0,300.0,2100,3600.0,3300.0,3100,3300,800.0,4500.0,11,yes,12,yes,25100.0,101102111111,623
23,Matthew Bishop MD,4600.0,3700.0,4700.0,4600.0,1600.0,2500,1100.0,3600.0,3700,3900,800.0,4400.0,10,yes,11,no,10800.0,111111111111,88
24,Jessica Lindsey,3600.0,1700.0,2100.0,5700.0,2100.0,2200,3700.0,1700.0,2700,1200,2700.0,2400.0,12,yes,5,no,15500.0,111201321111,11
25,Charlotte Serrano,4800.0,2400.0,2700.0,3800.0,2700.0,1800,1800.0,2300.0,2700,2200,700.0,3000.0,10,yes,8,no,27300.0,100101210110,173
26,Jose Butler,3100.0,700.0,3200.0,2400.0,800.0,1300,3700.0,400.0,1400,1300,1400.0,3000.0,11,yes,9,no,13500.0,10211320010,810
27,Anna Young,5000.0,3500.0,4900.0,2800.0,1000.0,1000,1800.0,3500.0,2100,1800,400.0,4400.0,9,no,11,yes,23400.0,11123110110,641
28,Dana Stewart,4700.0,1900.0,3600.0,4700.0,500.0,1900,2100.0,1800.0,2400,3300,1700.0,3600.0,10,no,11,yes,29900.0,1002210110,391
29,Ann King,4700.0,3500.0,3400.0,4900.0,2500.0,2100,1200.0,3600.0,3200,2800,900.0,3200.0,11,no,7,yes,18000.0,10102210110,379
30,Allison Jenkins,3600.0,600.0,1600.0,2900.0,3100.0,2300,2300.0,800.0,1300,1600,1600.0,1900.0,9,no,9,yes,23700.0,101210110,274
31,Stephen Mccoy,3800.0,3400.0,1100.0,3500.0,3900.0,3100,900.0,3400.0,2500,2700,1700.0,1400.0,10,no,11,yes,10800.0,1101321111,102
32,Dana Fox,3800.0,2900.0,1700.0,5600.0,2400.0,3000,400.0,2500.0,3500,3100,100.0,2200.0,8,yes,12,no,22200.0,10013210010,709
33,David Lawrence,5000.0,3700.0,4600.0,3100.0,3500.0,3200,200.0,3800.0,3500,3000,800.0,4200.0,9,yes,11,no,20800.0,1101321111,314
34,William Hoffman,3900.0,3200.0,4800.0,4700.0,900.0,1800,800.0,3000.0,1800,1800,3100.0,4300.0,11,no,8,yes,12700.0,101201220111,429
35,Henry Collins,3000.0,2200.0,1400.0,5300.0,4500.0,2900,1800.0,2100.0,2800,2700,1400.0,1400.0,10,yes,8,no,6800.0,10102210010,457
36,Kathleen Caldwell,4700.0,1700.0,4400.0,6400.0,1000.0,1700,2300.0,600.0,3500,3100,100.0,4100.0,10,no,10,yes,21000.0,123032111111,636
37,Anthony Moore,3600.0,1300.0,600.0,1000.0,2900.0,1600,3000.0,1300.0,1100,2400,3000.0,800.0,10,no,6,yes,16400.0,101101211111,808
38,Tammy Aguilar,4300.0,2000.0,4700.0,6500.0,2500.0,2000,1700.0,1300.0,2600,1900,100.0,4300.0,12,no,11,yes,20800.0,10102211011,967
39,Chris Steele,4100.0,1700.0,4200.0,4500.0,2200.0,2900,2600.0,1100.0,3800,2300,400.0,4100.0,11,no,9,yes,16300.0,121211212011,105
40,Megan Rios,4400.0,2800.0,2000.0,5400.0,300.0,1600,3000.0,2800.0,2400,2900,300.0,2100.0,9,no,3,yes,27500.0,10102310010,439
41,Tyler Tate,3200.0,3200.0,4400.0,4400.0,4400.0,2800,1400.0,3200.0,2400,1800,3800.0,4100.0,12,no,3,yes,6000.0,10122211010,435
42,Joseph Ruiz,3500.0,2100.0,2500.0,400.0,4400.0,3200,1900.0,1400.0,3400,3400,3100.0,2300.0,11,yes,10,no,11000.0,10111321011,526
43,Sarah Garcia,3900.0,1900.0,3400.0,2100.0,4500.0,2000,700.0,1800.0,2400,2200,200.0,3500.0,10,yes,6,no,20800.0,10113210010,354
44,Deborah Hardin,4100.0,3200.0,1600.0,4100.0,2600.0,1900,800.0,3200.0,2800,1800,600.0,1900.0,9,yes,6,no,19700.0,10101321011,136
45,Susan Barron,2200.0,500.0,900.0,400.0,4600.0,2200,600.0,200.0,1700,1300,2000.0,900.0,10,no,4,no,10600.0,113022111111,307
46,Shelley Nguyen,4100.0,1400.0,2400.0,5500.0,4000.0,2800,600.0,1300.0,1500,2600,1200.0,2200.0,9,no,6,yes,20900.0,20013211010,691
47,Kevin Wall,4600.0,1700.0,2900.0,5000.0,4700.0,3300,400.0,2100.0,4000,3800,1900.0,2900.0,12,no,6,yes,15400.0,21022221011,760
48,Kathleen Williamson,4500.0,3000.0,4500.0,1500.0,500.0,1800,3800.0,3000.0,3600,2400,2400.0,4200.0,11,no,1,yes,20900.0,21222210010,339
49,April Mcintosh,2400.0,3800.0,2400.0,600.0,3500.0,1600,1700.0,3200.0,2100,1700,300.0,2300.0,10,no,11,yes,6500.0,20012311010,89
50,Matthew Thomas,2900.0,700.0,900.0,2900.0,3700.0,2400,3400.0,900.0,2700,2900,2900.0,1100.0,12,no,4,yes,12100.0,100101311011,223
51,Christopher Clarke,4100.0,1900.0,4800.0,1500.0,2000.0,2900,3000.0,2000.0,2900,3300,600.0,4400.0,11,no,4,yes,13800.0,121122111011,297
52,Brandon Wu,4000.0,3300.0,4500.0,4200.0,4400.0,2100,1400.0,3500.0,3700,3600,200.0,4300.0,12,yes,7,yes,8300.0,10112321011,822
53,Amber Hall,4200.0,2900.0,3900.0,4900.0,2500.0,1800,3600.0,2900.0,1400,3200,1700.0,3700.0,12,yes,2,no,13300.0,1012210110,764
54,Colleen Campbell,3100.0,1400.0,3300.0,0.0,3100.0,1600,2400.0,900.0,3100,1900,3700.0,2900.0,10,yes,2,no,10700.0,10212210010,540
55,Dawn Baxter,3300.0,1100.0,1500.0,3300.0,2100.0,1900,3600.0,1500.0,2300,2000,2800.0,1800.0,11,no,10,yes,17000.0,11102211111,141
56,Alfred Cline,3700.0,3000.0,1500.0,4400.0,2900.0,1900,3400.0,2400.0,3300,3500,1300.0,1900.0,11,yes,10,yes,14000.0,112011112111,45
57,Sheena Holland,2400.0,900.0,1900.0,500.0,3100.0,2900,1700.0,400.0,1800,2300,3900.0,1700.0,12,no,11,yes,6800.0,10012210010,262
58,Rebecca Richards,5500.0,3600.0,3700.0,5900.0,600.0,1600,800.0,3300.0,3200,2800,400.0,3800.0,9,no,6,no,30200.0,10113210010,893
59,Aaron Morton,2700.0,2300.0,300.0,500.0,2200.0,1200,3000.0,1400.0,1000,900,500.0,300.0,9,no,7,yes,18100.0,10013211010,384
60,Patricia Davis,3100.0,2000.0,3600.0,3300.0,3700.0,2100,2300.0,1200.0,1400,1900,1200.0,3500.0,11,yes,8,no,10500.0,120112211010,534
61,Crystal Kelley,3500.0,2100.0,400.0,1100.0,4500.0,1500,2000.0,2300.0,1500,1200,500.0,600.0,8,yes,11,no,22500.0,122122111111,98
62,Jessica Tate,4600.0,2200.0,4300.0,3300.0,4400.0,1400,100.0,1900.0,3900,1600,400.0,4100.0,7,yes,8,no,24000.0,103012112111,716
63,Julie Walter,4500.0,3600.0,700.0,2200.0,1400.0,1800,3600.0,3300.0,2800,3300,2400.0,900.0,10,no,9,yes,21100.0,101101212111,29
64,Kevin Bender,4000.0,600.0,400.0,200.0,1600.0,1600,1000.0,900.0,2500,1000,400.0,600.0,8,yes,5,no,33000.0,112101211111,226
65,Randall Brown,4400.0,3300.0,1200.0,4000.0,500.0,2900,3400.0,2900.0,2000,3900,3400.0,1200.0,12,no,4,yes,19900.0,110211210010,390
66,Michelle Gallegos,4200.0,3500.0,800.0,2500.0,2000.0,1200,3000.0,3000.0,2000,1500,2200.0,1000.0,10,yes,6,no,22000.0,121112212011,721
67,Christine Rhodes,4500.0,3100.0,2900.0,5800.0,2000.0,1400,1000.0,2400.0,1200,1400,900.0,2800.0,11,yes,10,no,22100.0,101102210110,972
68,Misty Smith,4100.0,2600.0,4100.0,5700.0,1800.0,2700,3800.0,2200.0,1100,2500,2200.0,3600.0,12,no,3,no,15000.0,11012111010,627
69,Destiny Ware,3800.0,3700.0,1900.0,5200.0,3400.0,2100,3800.0,3400.0,1000,1800,3600.0,1900.0,12,no,8,yes,8700.0,122012212111,605
70,Scott Reyes,5000.0,3000.0,2000.0,3200.0,4300.0,3200,1400.0,3200.0,3900,3900,1400.0,2400.0,9,yes,11,no,15500.0,11112211010,872
71,Ricky Gardner,3200.0,2100.0,2200.0,2600.0,500.0,1800,1700.0,1200.0,2200,3000,3100.0,2400.0,11,yes,7,no,16200.0,121112211010,338
72,Savannah Vincent,4400.0,3500.0,4100.0,4300.0,3200.0,3200,2400.0,3200.0,2500,3700,3700.0,3800.0,12,yes,1,no,9500.0,113022111111,183
73,Joshua Delgado,2500.0,100.0,100.0,100.0,1600.0,2300,3700.0,0.0,3000,2900,3800.0,100.0,10,yes,2,no,14600.0,21022110110,759
74,Richard Martinez,4700.0,2200.0,3700.0,5200.0,4100.0,2600,200.0,1600.0,2400,1500,1000.0,3500.0,9,no,11,yes,23800.0,21132110110,50
75,Jennifer Collier,2800.0,2500.0,100.0,4800.0,4500.0,3000,3500.0,2800.0,3800,3300,3800.0,100.0,12,no,4,yes,6200.0,111102211111,909
76,Kelsey Johnson,2700.0,3500.0,600.0,300.0,3800.0,1300,3600.0,3300.0,1800,1200,3000.0,600.0,10,no,7,yes,8900.0,2012111111,688
77,Teresa Cooper,4700.0,3500.0,4200.0,5100.0,1900.0,1300,2600.0,2700.0,2600,2800,400.0,4000.0,10,yes,10,no,23300.0,1011111110,757
78,Lindsey George,4500.0,3600.0,4400.0,4900.0,1900.0,2800,2200.0,3500.0,1600,3200,2300.0,4000.0,12,yes,7,no,21500.0,101101210110,145
79,Anthony Gordon,4200.0,900.0,4400.0,5600.0,1200.0,1100,2100.0,400.0,1200,1500,1100.0,3900.0,11,yes,11,no,26500.0,1101211111,780
80,Derek Johnson,4300.0,2300.0,4000.0,3100.0,2700.0,1600,3600.0,2100.0,2400,3600,3100.0,3900.0,12,no,11,yes,14200.0,112121111111,686
81,Kevin Villarreal,3800.0,2200.0,1100.0,1100.0,1400.0,1200,1000.0,1500.0,2000,1100,2100.0,1200.0,11,no,11,yes,24100.0,111112210111,757
82,Daniel Thompson,4300.0,3900.0,2400.0,3000.0,4600.0,3300,2400.0,4000.0,3500,3600,1600.0,2600.0,12,no,9,yes,8200.0,20112211011,340
83,Matthew Rodriguez,3900.0,2200.0,400.0,2800.0,1900.0,2900,2300.0,2600.0,3100,3200,2100.0,600.0,10,no,8,no,20000.0,102320010,553
84,Samantha Hardy,4600.0,2000.0,4300.0,4200.0,2400.0,1900,2200.0,2400.0,2200,1900,1800.0,4000.0,11,yes,10,no,23300.0,103101111211,766
85,Anthony Chen,3800.0,3600.0,1500.0,1600.0,3800.0,3000,2300.0,2600.0,2700,2900,1700.0,1400.0,10,no,11,yes,12100.0,11111211111,461
86,Veronica Walters,4400.0,1100.0,2700.0,2000.0,3100.0,2000,3000.0,1000.0,3400,2800,1000.0,2700.0,10,no,7,yes,20500.0,11022111011,820
87,William Garcia,5200.0,3200.0,4100.0,5500.0,1700.0,1500,3600.0,2900.0,2300,2800,1200.0,4100.0,11,yes,10,no,24700.0,10123220010,881
88,Rachel Hoover,3400.0,3400.0,3100.0,3400.0,3100.0,2300,1800.0,3100.0,2100,2200,2000.0,3000.0,11,no,8,yes,14700.0,10111210010,97
89,Andre Hopkins,4400.0,1100.0,4300.0,2100.0,2700.0,2100,2200.0,1200.0,2400,2300,2200.0,3800.0,12,no,10,yes,20300.0,11011212112,961
90,Alison Carroll,5700.0,3300.0,3100.0,4200.0,900.0,1900,2100.0,2800.0,1800,3200,2000.0,3000.0,10,yes,5,yes,32500.0,10111211010,315
91,Sarah Logan,3400.0,1900.0,4900.0,2200.0,1400.0,2000,400.0,1800.0,3500,2000,700.0,4400.0,10,yes,3,no,17000.0,102320010,43
92,Dylan Ortiz,3600.0,3600.0,1700.0,2800.0,3800.0,2900,3400.0,3600.0,3800,3700,800.0,2100.0,11,no,2,no,12200.0,101001212111,530
93,Gerald Martin,3400.0,2300.0,3400.0,3700.0,1300.0,2900,4000.0,2400.0,1500,3600,3700.0,3300.0,12,yes,11,no,5800.0,1002221111,761
94,Mark Roberts,3600.0,1800.0,500.0,1900.0,4700.0,2600,2300.0,2200.0,2600,1400,2600.0,800.0,9,no,3,yes,16700.0,10023110010,980
95,Mrs. Jody Sampson,3800.0,2900.0,3600.0,5300.0,3100.0,2900,1500.0,2600.0,3600,3100,2200.0,3500.0,11,yes,9,no,10300.0,102111110211,329
96,Kevin Brown,3800.0,2800.0,800.0,800.0,2500.0,2300,1900.0,2900.0,3500,3300,2700.0,900.0,11,no,7,yes,17000.0,12021212012,108
97,Kathryn Jones,2600.0,3300.0,1200.0,2600.0,3900.0,2900,2400.0,3000.0,3100,2000,1400.0,1600.0,11,yes,8,yes,7500.0,21122110110,802
98,Mason Stewart,3700.0,4000.0,400.0,3700.0,3800.0,3100,3700.0,3900.0,2400,3700,2400.0,600.0,11,no,11,yes,7500.0,10012210010,839
99,Amanda Guzman,3600.0,3800.0,3600.0,2100.0,300.0,1700,3700.0,3400.0,1700,2300,2700.0,3300.0,11,no,4,yes,12100.0,111001312011,550
100,Samantha Simmons,5200.0,2300.0,2600.0,3600.0,3300.0,3000,3200.0,2200.0,3600,4000,2200.0,3000.0,11,no,8,no,23700.0,102310010,490
101,Kimberly Young,4500.0,3500.0,4900.0,5300.0,3300.0,2100,2800.0,3500.0,1400,2600,2100.0,4400.0,11,no,4,yes,15500.0,121112221111,604
102,Taylor Lawson,4100.0,2000.0,2300.0,5600.0,1600.0,2300,3100.0,1400.0,2000,2300,2200.0,2400.0,11,no,5,yes,16000.0,103011111211,29
103,Edward Fox,3800.0,2900.0,3000.0,5200.0,1000.0,2500,3200.0,2200.0,3600,3400,2200.0,3100.0,11,yes,5,no,15600.0,22033111110,422
104,Samantha Levy,3000.0,2400.0,200.0,300.0,4300.0,1600,300.0,2300.0,3000,2100,2300.0,300.0,9,no,9,yes,17800.0,102001211212,287
105,Alejandra Carter,4800.0,3000.0,4300.0,6600.0,2500.0,2900,2700.0,2400.0,3300,4000,2500.0,4000.0,12,no,8,yes,10800.0,20022210010,280
106,Rodney Cain,5000.0,3700.0,700.0,4100.0,1300.0,1300,3100.0,3500.0,1700,2800,100.0,1100.0,9,yes,10,no,35100.0,103012112211,116
107,Brittany Monroe,4000.0,3000.0,4000.0,4600.0,3400.0,2800,1100.0,3000.0,2400,2700,1700.0,3900.0,11,no,5,yes,15700.0,101111211111,563
108,Sarah Sanchez,3800.0,3300.0,1900.0,800.0,800.0,2700,2600.0,2500.0,1000,3300,2800.0,1700.0,11,yes,5,no,18900.0,101111210111,91
109,Charles Howard,4300.0,1600.0,3400.0,900.0,900.0,1200,700.0,800.0,2900,1700,2500.0,3300.0,10,yes,3,no,29300.0,111002213012,74
110,John Martin,3000.0,1100.0,4300.0,2800.0,200.0,1200,900.0,400.0,1300,1000,2300.0,4000.0,11,yes,10,yes,20000.0,12012210111,539
111,Gene Marquez,3700.0,1600.0,200.0,4100.0,2300.0,2200,1200.0,1900.0,3900,2200,1800.0,400.0,9,yes,5,no,19400.0,11021211011,896
112,Victoria Kidd,4300.0,2600.0,4500.0,2000.0,4100.0,2100,2500.0,2500.0,3200,1600,200.0,4200.0,10,no,7,yes,20400.0,10111322011,907
113,Dr. Michael Solis DDS,5300.0,2700.0,3900.0,3100.0,300.0,1100,2000.0,1700.0,1300,1100,400.0,3500.0,8,no,11,yes,41700.0,112011323012,51
114,Charles Proctor,4300.0,2600.0,1700.0,1500.0,4400.0,2700,2700.0,2000.0,2200,2600,1700.0,1900.0,11,yes,12,no,20500.0,11012211011,830
115,Richard Phillips,5100.0,3900.0,2200.0,4800.0,2500.0,2400,1200.0,3900.0,3200,3200,3500.0,2200.0,11,yes,7,no,19500.0,10113220010,556
116,John Thompson,5300.0,3500.0,4200.0,5300.0,600.0,2300,2300.0,3000.0,1900,2700,100.0,3900.0,10,yes,1,no,25700.0,11022110110,237
117,Daniel Foley,5400.0,3600.0,3700.0,1100.0,300.0,1100,1000.0,3400.0,2500,2200,1700.0,3600.0,7,no,9,yes,35800.0,112111111112,40
118,Lauren Bond,3700.0,2500.0,4600.0,3800.0,3300.0,1900,2000.0,1700.0,1700,3100,1300.0,4200.0,10,yes,6,no,10200.0,1111221011,779
119,Candice Mullen,5500.0,1100.0,2500.0,1800.0,3600.0,1200,400.0,1000.0,1500,1000,500.0,2600.0,6,yes,3,yes,40100.0,101201320111,646
120,Jeremy Gonzales,4900.0,3800.0,2400.0,1400.0,1300.0,2700,2500.0,3400.0,3500,3200,2000.0,2400.0,11,no,2,yes,22900.0,111111211011,857
121,Jason Hicks,3000.0,3600.0,300.0,1200.0,4200.0,2500,3300.0,3600.0,3700,3200,600.0,500.0,9,yes,5,yes,11100.0,103011112212,653
122,Rebecca Delgado,4500.0,3900.0,1600.0,2100.0,1900.0,2800,1200.0,3700.0,3900,3300,3100.0,1600.0,12,no,4,no,19500.0,102101211111,787
123,Frank Schaefer,4500.0,2600.0,4700.0,6100.0,3400.0,3000,2700.0,2400.0,3800,2800,2100.0,4200.0,12,no,11,yes,10200.0,111102312011,902
124,Vernon Friedman,4000.0,1000.0,4300.0,4400.0,700.0,1100,1500.0,700.0,1800,1500,2600.0,3700.0,11,no,12,yes,21700.0,12011212112,301
125,Richard Black,4500.0,1700.0,2800.0,4500.0,2700.0,1800,800.0,1300.0,3400,1900,300.0,3000.0,8,yes,8,yes,28400.0,12021111011,82
126,Randy Anderson,4500.0,1200.0,1800.0,2500.0,2200.0,2300,3500.0,1600.0,3900,3400,1400.0,2100.0,9,yes,2,no,21100.0,101101111110,835
127,Colleen Hughes,4700.0,3100.0,2600.0,6400.0,3500.0,3300,1100.0,3300.0,3200,3500,1900.0,2900.0,11,yes,9,no,18200.0,10102310010,35
128,Terri Fernandez,2300.0,3700.0,1500.0,4200.0,2800.0,2700,2000.0,3000.0,2900,2300,900.0,1400.0,11,no,8,yes,4900.0,1001211011,251
129,Adam Davis,3000.0,2200.0,3900.0,900.0,4400.0,1200,400.0,1200.0,1300,1000,1400.0,3600.0,12,yes,12,no,14100.0,112001322112,434
130,Alan Pierce,5800.0,4000.0,4300.0,6500.0,4400.0,3300,3400.0,4000.0,4000,4000,200.0,4200.0,12,yes,11,no,13500.0,103012111211,314
131,Lacey Wheeler,5300.0,3500.0,2000.0,6000.0,4400.0,3200,3100.0,3300.0,2400,2600,700.0,2300.0,12,no,12,yes,26300.0,1011110110,935
132,Alexandra Alvarez,2300.0,900.0,1900.0,2100.0,4300.0,1500,1400.0,800.0,1600,1100,3100.0,1900.0,12,yes,2,no,10800.0,12011111111,630
133,Christina Norris,3600.0,2400.0,1300.0,3800.0,1000.0,1400,3300.0,1800.0,1100,1900,1700.0,1400.0,11,no,10,yes,19300.0,10112311010,811
134,Anthony Morris,3600.0,2400.0,300.0,500.0,4200.0,1200,900.0,3200.0,1600,1000,1000.0,500.0,10,no,5,yes,22900.0,121112211111,945
135,Angelica Bird,4000.0,3700.0,2800.0,3800.0,1000.0,2700,3900.0,3700.0,1600,2400,600.0,2800.0,11,no,1,yes,18200.0,11012211011,197
136,Jennifer Ramos,4000.0,2500.0,4100.0,6500.0,4100.0,2700,3600.0,1700.0,1400,3000,3300.0,3500.0,12,yes,4,no,7900.0,10111211010,869
137,Robert Gross,4500.0,2500.0,100.0,3000.0,700.0,1800,2800.0,2400.0,2300,2100,1100.0,100.0,8,yes,2,no,31700.0,112111211111,387
138,Daryl Robinson,4200.0,2700.0,2300.0,3200.0,1900.0,1200,1400.0,2400.0,2500,1600,300.0,2600.0,9,yes,11,no,27700.0,102311010,444
139,Robert Singh,4200.0,2100.0,1900.0,600.0,1900.0,1700,3200.0,2300.0,2000,2900,1300.0,2100.0,8,no,10,yes,25300.0,101102110110,701
140,Mary Carroll,3600.0,2800.0,4200.0,6500.0,3700.0,1800,2100.0,2200.0,3400,2100,400.0,4100.0,12,yes,2,no,10800.0,10111321011,544
141,April Long,5400.0,2500.0,200.0,5200.0,2100.0,2100,1000.0,2200.0,3400,2200,1200.0,300.0,10,yes,2,no,36700.0,12022120111,61
142,Erin Rodriguez,3400.0,2400.0,2400.0,2500.0,600.0,2900,1200.0,1200.0,2300,2900,1200.0,2300.0,9,no,3,yes,18800.0,10111220110,913
143,Kenneth Johnson,2900.0,2100.0,800.0,5300.0,2700.0,3000,3800.0,1900.0,1700,2500,2300.0,1000.0,12,yes,9,no,7100.0,20033110010,362
144,Michelle Livingston,5200.0,3500.0,4800.0,3400.0,1000.0,1300,2900.0,3300.0,3200,2200,0.0,4400.0,9,yes,7,no,27700.0,10211320011,770
145,Richard Moore,3400.0,2500.0,2600.0,300.0,4400.0,2300,2000.0,2100.0,3500,2700,3200.0,2700.0,10,no,4,yes,8800.0,111101211111,149
146,Linda Saunders,3200.0,2200.0,100.0,2300.0,3500.0,1600,3300.0,1500.0,1500,2500,3000.0,0.0,11,yes,5,no,17900.0,102111220111,152
147,Ricky Shaw,4100.0,700.0,3400.0,2800.0,3900.0,2100,1700.0,700.0,1100,1000,500.0,3400.0,10,yes,7,no,23900.0,11111221111,348
148,David Johnson DDS,3500.0,3100.0,3600.0,4800.0,3600.0,2900,1400.0,2700.0,3400,3100,3800.0,3500.0,12,yes,3,no,5800.0,113012112111,149
149,Melinda Taylor,3900.0,2900.0,4700.0,2600.0,3500.0,3100,100.0,2700.0,3900,3900,1000.0,4200.0,10,no,4,no,16600.0,12012212011,175
150,Benjamin Cohen,3700.0,3400.0,3300.0,5600.0,4600.0,3000,800.0,3400.0,3700,2400,2500.0,3300.0,12,no,7,yes,11400.0,101321011,967
151,Eric Martinez,3000.0,3600.0,2100.0,300.0,3300.0,1900,0.0,3200.0,3900,1500,200.0,2200.0,6,yes,9,no,16900.0,113011213112,692
152,Shaun Howard,4200.0,3400.0,4900.0,3000.0,4400.0,2800,1800.0,3200.0,3200,3700,2600.0,4400.0,12,no,9,no,7100.0,112201213112,770
153,William Becker,4000.0,1600.0,2400.0,2000.0,2000.0,1200,400.0,300.0,1800,2100,3100.0,2200.0,9,yes,12,no,25300.0,101201320111,470
154,Allen Carey,3900.0,2000.0,3200.0,700.0,4500.0,2600,300.0,1600.0,3600,2200,1100.0,3200.0,9,yes,3,no,19900.0,10122210010,148
155,Anna King,2600.0,2600.0,3300.0,2500.0,3500.0,1900,200.0,1700.0,1200,1100,3000.0,3000.0,12,yes,4,no,9900.0,2001221112,22
156,Kathleen Simmons,3400.0,600.0,3200.0,1800.0,3700.0,3000,2200.0,300.0,2800,1900,2000.0,3100.0,10,yes,12,no,18400.0,12022111111,479
157,Glen Gonzalez,3700.0,3700.0,3500.0,4700.0,3700.0,3200,2200.0,3600.0,3800,3800,2700.0,3600.0,12,yes,9,no,5400.0,22033111010,24
158,Maria Thomas,3800.0,2300.0,800.0,1300.0,4700.0,1600,1300.0,2300.0,2800,2100,1700.0,1000.0,11,no,2,yes,18200.0,112210110,414
159,Jaime Brooks,3800.0,1700.0,400.0,2500.0,4300.0,2600,1800.0,1200.0,3700,3700,1300.0,600.0,10,yes,4,no,16600.0,10111321011,886
160,Robert Smith,2700.0,2200.0,4700.0,900.0,4500.0,1200,900.0,2600.0,2100,1200,1100.0,4100.0,11,no,8,no,9600.0,120212210010,834
161,Alexandria Kim,4700.0,2900.0,1700.0,4600.0,800.0,2400,1500.0,2800.0,2000,2100,1900.0,1800.0,9,yes,3,no,29600.0,101001211111,49
162,William Turner,2600.0,100.0,3100.0,600.0,3000.0,1200,1400.0,100.0,2500,1300,3300.0,3000.0,12,no,10,yes,15500.0,11022111010,738
163,Luke Huber,3500.0,2900.0,200.0,3300.0,3400.0,1700,3600.0,2400.0,1200,3000,1800.0,300.0,12,yes,8,yes,19000.0,12012220212,103
164,Bradley Clarke,5200.0,200.0,4500.0,1500.0,3800.0,2000,600.0,400.0,3700,1200,400.0,4300.0,9,no,7,yes,31400.0,111112211010,433
165,Antonio Woods,4100.0,3100.0,3300.0,3300.0,3300.0,2200,400.0,3100.0,2700,3200,2900.0,3100.0,11,no,2,yes,16300.0,111011212011,469
166,Michael Williams,5400.0,1100.0,4500.0,5400.0,0.0,1200,1500.0,1200.0,2300,1600,300.0,4100.0,8,yes,5,no,36000.0,111112211011,626
167,Tiffany Pierce,2900.0,2700.0,1800.0,1200.0,4600.0,2300,100.0,2700.0,1600,1200,2500.0,1800.0,10,yes,2,no,11400.0,2012110211,439
168,Ronald Zimmerman,4300.0,3900.0,2000.0,5100.0,4600.0,3300,500.0,3700.0,1900,3500,3400.0,2000.0,12,no,5,yes,11600.0,101101311111,963
169,Autumn Hall,3400.0,1900.0,1400.0,1700.0,2600.0,1400,3300.0,1800.0,1600,1200,800.0,1400.0,10,no,12,yes,18700.0,101201211111,658
170,Nicholas Gonzalez,2100.0,1900.0,2300.0,1300.0,4400.0,2400,3500.0,1500.0,2300,2600,1800.0,2500.0,12,yes,8,yes,5000.0,102012112111,83
171,Dr. Victoria Miller,3400.0,2700.0,4000.0,3900.0,600.0,2900,3100.0,2200.0,3100,3400,2700.0,3500.0,12,no,6,no,11300.0,10201321011,619
172,Derrick Vincent,3500.0,2300.0,2500.0,600.0,3700.0,2500,1100.0,1900.0,3000,3000,2600.0,2800.0,10,no,6,yes,15000.0,11022110110,552
173,Jaime Estrada,5600.0,3500.0,4900.0,6300.0,1200.0,1400,2300.0,3600.0,3600,2500,100.0,4400.0,11,yes,8,no,28600.0,11112110110,444
174,Jordan Russell,4400.0,200.0,3100.0,3400.0,1100.0,1200,2500.0,100.0,1100,2300,1900.0,3000.0,10,no,8,yes,32300.0,10013211011,588
175,Angela Morales,3500.0,2100.0,200.0,1300.0,1400.0,1200,2400.0,1000.0,1000,1000,2700.0,300.0,10,no,9,yes,28200.0,111011111111,274
176,Kimberly Franklin,5000.0,1400.0,2100.0,6100.0,1600.0,2800,3700.0,1800.0,2200,3400,1000.0,2500.0,12,no,6,yes,25400.0,1001221111,183
177,Sarah Floyd,3800.0,3300.0,4000.0,6300.0,2100.0,2700,1200.0,2700.0,2500,2600,400.0,3700.0,11,yes,2,no,13700.0,11113210110,235
178,Joel Jackson,3400.0,1400.0,4300.0,4800.0,3500.0,1200,2000.0,900.0,1000,1000,3700.0,3900.0,12,no,5,yes,11900.0,21032111010,912
179,Melissa Fowler,3000.0,3700.0,2000.0,5300.0,1900.0,2000,4000.0,3600.0,2100,3100,1100.0,2400.0,12,yes,8,yes,6500.0,112111221111,207
180,Erin Bowman,5700.0,3400.0,5000.0,2400.0,2800.0,2400,0.0,3500.0,3800,2600,400.0,4500.0,8,no,4,yes,30800.0,12022212012,217
181,Justin Bush,3700.0,2800.0,1900.0,900.0,3300.0,2800,500.0,2800.0,3400,3500,3800.0,2100.0,11,no,4,yes,14900.0,1210000,500
182,Amy Taylor,2300.0,1100.0,1400.0,3500.0,4600.0,2700,1900.0,1300.0,3300,2700,1400.0,1600.0,11,yes,6,no,4700.0,101201210111,578
183,Patricia Castaneda,5300.0,2900.0,3700.0,6700.0,2500.0,2000,3200.0,3000.0,2900,3200,0.0,3800.0,11,yes,7,no,25100.0,100101211011,345
184,Caleb Ross,3500.0,2200.0,3200.0,3600.0,600.0,1600,3600.0,1900.0,2000,1800,1000.0,3600.0,11,yes,2,no,12900.0,112101211112,71
185,Tammy Roberts,2700.0,1100.0,2700.0,1000.0,900.0,1100,1700.0,700.0,2400,1400,3500.0,2800.0,10,yes,3,no,11400.0,21033110010,802
186,Vanessa Miller,3500.0,1500.0,1900.0,3300.0,3800.0,2000,2200.0,1400.0,1500,2400,3100.0,2000.0,11,no,4,no,15200.0,110201321011,675
187,Edward Andrews,3600.0,600.0,1100.0,700.0,900.0,1100,2700.0,100.0,1000,900,1100.0,900.0,8,no,11,no,32400.0,112012111111,292
188,Audrey Thomas,3400.0,3100.0,1500.0,2700.0,4100.0,2500,2900.0,2400.0,3800,3400,2400.0,1800.0,12,no,11,yes,6700.0,112011212111,699
189,Rebecca Lawrence,4300.0,2200.0,2800.0,4000.0,2100.0,2100,3700.0,1700.0,1900,2100,900.0,2700.0,11,no,5,yes,21000.0,112112221111,330
190,Sarah Miller MD,3100.0,2500.0,400.0,100.0,4300.0,2700,3400.0,1800.0,2100,2300,3500.0,400.0,10,yes,10,yes,8800.0,111122110010,594
191,Wendy Smith,4000.0,3200.0,1200.0,300.0,3300.0,1300,700.0,3100.0,1600,1300,500.0,1100.0,7,no,2,yes,30000.0,100101311011,49
192,Laura Cohen,2800.0,600.0,2100.0,1000.0,2200.0,2100,2500.0,500.0,2600,2500,3300.0,2100.0,10,yes,10,no,10900.0,12021111111,411
193,Samantha Powell,5500.0,2900.0,4700.0,5700.0,3000.0,2400,1400.0,2700.0,2600,2800,300.0,4200.0,11,no,12,yes,29700.0,113021111111,19
194,Tanya Adkins,4100.0,900.0,1500.0,2700.0,3500.0,2100,900.0,1100.0,3100,1600,600.0,1800.0,10,yes,7,no,28700.0,11022110110,155
195,Leslie Hoffman,2700.0,2900.0,300.0,100.0,3800.0,1400,3400.0,2500.0,1700,1200,1800.0,400.0,9,yes,1,no,14400.0,11012211010,250
196,Jaime Huang,3800.0,3000.0,2400.0,6100.0,3700.0,1700,300.0,2600.0,2700,1300,500.0,2500.0,9,yes,4,no,18300.0,102111111111,805
197,Mary White,3000.0,2900.0,1800.0,100.0,1700.0,2300,3300.0,2700.0,2700,3000,3300.0,1400.0,11,yes,6,no,8500.0,11112210010,439
198,Jasmine Moran,5200.0,3900.0,4600.0,6500.0,3400.0,2900,3100.0,3500.0,3000,3700,200.0,4300.0,11,no,5,yes,17600.0,10112211010,990
199,Lacey Cherry,5600.0,3900.0,4500.0,6600.0,1600.0,2200,3100.0,3900.0,2000,2400,200.0,4100.0,11,yes,3,no,23700.0,111002212111,637
200,Elizabeth Alvarez,4000.0,2900.0,600.0,3800.0,700.0,2000,3200.0,2300.0,2200,3300,900.0,700.0,10,yes,4,no,22700.0,10102311011,99
201,Jesse Abbott,3800.0,3100.0,3000.0,3400.0,700.0,1200,3300.0,2500.0,1100,1000,400.0,2700.0,9,no,8,yes,24500.0,12111221111,20
202,Courtney Hansen,2800.0,800.0,2200.0,3300.0,4100.0,2900,2300.0,400.0,1500,1900,3400.0,2100.0,12,no,10,yes,5500.0,111111212011,447
203,Christian Santana,5100.0,4000.0,3800.0,4000.0,4000.0,3100,1600.0,4000.0,3800,3900,1200.0,3400.0,10,no,4,yes,14600.0,10111220010,51
204,Joan Burch,3800.0,2800.0,3100.0,1600.0,2000.0,2000,3400.0,2600.0,2700,3600,1900.0,3300.0,10,no,6,yes,13000.0,100001212011,125
205,Craig Smith,3600.0,1700.0,1900.0,600.0,4300.0,1500,900.0,1100.0,3200,1200,1400.0,2000.0,10,no,2,yes,20700.0,112111111111,157
206,Ronnie Monroe,3900.0,1200.0,4700.0,1200.0,2300.0,1600,1300.0,1100.0,1500,1700,1700.0,4300.0,11,yes,6,no,21200.0,22122120111,847
207,Jeremy Munoz,4800.0,1300.0,4900.0,6500.0,1100.0,1400,1400.0,1000.0,2700,1900,500.0,4500.0,11,no,2,yes,17300.0,10201321011,556
208,Charles Le,3100.0,2100.0,4300.0,1400.0,3800.0,2200,1300.0,1500.0,3900,2200,1900.0,4100.0,10,no,3,no,10200.0,10101321011,782
209,Melissa Smith,3600.0,1600.0,4500.0,6000.0,1700.0,2000,3800.0,1600.0,1900,2300,1700.0,4200.0,12,no,1,yes,11400.0,10012212011,242
210,Mrs. Margaret Williams MD,3300.0,2100.0,100.0,2200.0,1000.0,1700,3100.0,1600.0,1300,1700,2800.0,200.0,11,no,12,yes,23600.0,101210010,227
211,Kim Shaffer,2900.0,2600.0,4200.0,5700.0,4000.0,3100,3900.0,2500.0,1100,2500,3100.0,3800.0,12,no,11,yes,5600.0,10012211010,676
212,Teresa Salas,4500.0,3800.0,3400.0,2100.0,4000.0,1800,1100.0,3800.0,2700,1900,1000.0,3500.0,10,yes,4,no,22400.0,11111210111,859
213,Jessica Jackson,4800.0,2700.0,3200.0,1400.0,4300.0,1100,200.0,2100.0,2400,1200,100.0,3100.0,9,no,11,yes,31800.0,22032110010,538
214,Barbara Torres,4800.0,1700.0,3400.0,1800.0,4100.0,1400,700.0,1200.0,1500,1400,2200.0,3000.0,9,yes,4,no,31400.0,10111210010,58
215,Jessica Kennedy,4800.0,3100.0,4100.0,4300.0,700.0,2700,4000.0,3200.0,2800,3400,2800.0,3900.0,11,no,3,yes,15100.0,102111111111,987
216,Robert Cobb,4400.0,3400.0,2700.0,6100.0,2700.0,1400,700.0,3300.0,1600,1200,1300.0,2800.0,10,yes,9,no,21800.0,10012310010,839
217,Jeffrey Hunt,6000.0,3300.0,2800.0,6400.0,2500.0,1100,2200.0,3400.0,2100,1000,0.0,3200.0,9,no,5,yes,43500.0,21112211011,179
218,Christopher Ramsey,4100.0,2300.0,3100.0,2300.0,3200.0,1300,1100.0,2100.0,3100,1800,2600.0,3100.0,11,yes,3,no,15400.0,11022211011,123
219,Scott King,4200.0,3200.0,4900.0,2500.0,2100.0,2200,1700.0,2600.0,2600,3000,2200.0,4400.0,10,no,6,yes,14600.0,11012111010,575
220,Matthew Martin III,4300.0,2400.0,2500.0,2100.0,300.0,1100,700.0,2000.0,1300,1400,1600.0,2600.0,9,no,7,yes,30000.0,101101311111,646
221,Brian Perez,4000.0,3100.0,3800.0,400.0,2800.0,1300,1900.0,3400.0,1800,1500,1600.0,3700.0,9,no,2,no,15400.0,11012212011,597
222,Jessica Smith,3600.0,2300.0,3700.0,1400.0,2600.0,1200,800.0,1100.0,1000,1600,3300.0,3400.0,8,yes,3,no,17400.0,21122220010,371
223,Brandy Cannon,3300.0,400.0,3800.0,2400.0,1800.0,1000,2600.0,100.0,1300,1200,700.0,3400.0,11,yes,11,no,19800.0,110112211010,993
224,Rebecca Mendoza,3900.0,2600.0,4200.0,5200.0,2300.0,1700,500.0,1800.0,1600,1800,3600.0,3600.0,12,no,12,yes,14100.0,21122210010,373
225,Jessica Burke,4900.0,1900.0,1400.0,1600.0,1000.0,1000,2200.0,1700.0,1300,1500,700.0,1600.0,9,yes,4,no,34800.0,111012111010,654
226,Amanda Clark,4200.0,2700.0,2300.0,2500.0,2100.0,1300,300.0,1400.0,2300,1100,100.0,2400.0,6,yes,10,yes,32400.0,12032110110,507
227,Julie Hamilton,3100.0,1800.0,2600.0,3700.0,3100.0,2400,900.0,1600.0,1400,2000,2200.0,2500.0,11,no,10,yes,9000.0,10012210010,894
228,Jacob Sullivan,3900.0,2000.0,4000.0,4300.0,3600.0,1400,1800.0,1300.0,1900,1500,1600.0,3800.0,12,no,10,yes,16300.0,11011221111,667
229,Lisa Burnett,3900.0,3800.0,1000.0,400.0,3800.0,1700,1400.0,3700.0,1400,3000,3200.0,1100.0,11,no,3,yes,17000.0,102101110211,319
230,Derrick Colon,4900.0,3100.0,4500.0,4900.0,1700.0,1900,800.0,1700.0,3600,3000,2000.0,4200.0,11,no,2,yes,27800.0,20122321011,815
231,Dan Davidson,5000.0,2900.0,4900.0,500.0,4100.0,2100,200.0,2900.0,2800,2200,2300.0,4400.0,9,no,9,yes,23300.0,12011111111,602
232,Robin Mclaughlin,3400.0,2600.0,2300.0,3900.0,2900.0,1700,3800.0,1900.0,1500,1700,3400.0,2300.0,12,yes,7,no,15700.0,22032111011,203
233,Joel Cunningham,2400.0,1800.0,2400.0,200.0,4500.0,1600,2700.0,500.0,2100,1600,1900.0,2300.0,12,no,2,yes,9200.0,102311010,452
234,Thomas Martin,3300.0,2200.0,2100.0,4500.0,3300.0,2600,3800.0,2300.0,2100,1700,1500.0,2400.0,11,no,10,yes,9500.0,120212311011,575
235,Jamie Watkins MD,4200.0,1900.0,700.0,2300.0,3400.0,2600,3800.0,1700.0,1700,2700,3600.0,900.0,11,no,2,yes,22000.0,1001210110,129
236,Jennifer Wright,2200.0,2400.0,300.0,1100.0,0.0,1400,3900.0,1100.0,1100,1100,3400.0,200.0,11,yes,6,no,12400.0,10202210010,581
237,Angela Hill,2700.0,1100.0,1900.0,2200.0,3300.0,2000,800.0,900.0,1800,1100,2800.0,2000.0,10,no,8,yes,11200.0,11112211011,211
238,Nathaniel Potts,2900.0,3000.0,1800.0,1100.0,4100.0,3000,3200.0,2600.0,2100,2300,2600.0,1800.0,11,no,11,yes,8700.0,21121211011,630
239,Scott Mckay,2800.0,2300.0,2000.0,5800.0,2200.0,2500,3900.0,1900.0,2500,2300,1900.0,2300.0,12,no,8,yes,5500.0,110102211010,181
240,Thomas Koch,3700.0,2300.0,3900.0,500.0,100.0,1000,2500.0,1700.0,1200,1100,1800.0,3700.0,9,no,7,no,20000.0,102101110211,708
241,Michelle Brown,2800.0,1200.0,3100.0,3000.0,2600.0,1400,2100.0,600.0,1600,1400,1200.0,3000.0,11,yes,5,no,12200.0,21013210010,949
242,Steven Aguilar,5000.0,1800.0,4600.0,6400.0,2000.0,1600,1600.0,1300.0,1500,1400,400.0,4200.0,12,no,8,yes,26600.0,13022110211,176
243,Tracy Sampson,5100.0,2400.0,3500.0,3400.0,3700.0,1500,200.0,2600.0,1800,1500,1500.0,3700.0,10,no,12,yes,25000.0,112111222112,347
244,Colin Figueroa,3000.0,1800.0,4600.0,4200.0,200.0,1700,3600.0,1000.0,2100,3400,3800.0,4200.0,12,no,6,yes,5800.0,113011112112,838
245,Kimberly Brewer,4000.0,3300.0,3300.0,5400.0,2500.0,3200,3500.0,2400.0,3000,3800,1500.0,3500.0,12,no,10,yes,12400.0,10112220010,831
246,Mariah Cannon,5100.0,3900.0,2600.0,3800.0,3900.0,3100,1500.0,3900.0,2800,3700,300.0,2800.0,10,no,2,yes,23400.0,112111111111,336
247,Ryan Mora,3500.0,2400.0,3300.0,1200.0,1500.0,2300,3400.0,1700.0,2100,3300,2500.0,3100.0,12,yes,3,no,14200.0,102210010,78
248,John Myers,5200.0,3200.0,2100.0,2900.0,2500.0,2100,3600.0,2600.0,3300,3700,400.0,2700.0,10,yes,3,no,26800.0,10113211010,842
249,Alicia Nguyen,3400.0,2600.0,3200.0,1300.0,3300.0,2300,1500.0,2300.0,1300,2200,2600.0,2900.0,11,no,2,yes,17700.0,111011213011,556
250,William Smith,4100.0,3700.0,1500.0,1200.0,3800.0,3000,2800.0,3800.0,3300,3200,2900.0,1600.0,10,no,7,yes,14300.0,20131211010,822
251,Brian Rogers,3500.0,3200.0,500.0,1800.0,700.0,3000,3600.0,2600.0,2700,2900,3000.0,500.0,10,no,7,yes,14800.0,111101211111,814
252,Tracy Jenkins,5200.0,2900.0,200.0,2900.0,3300.0,2100,2300.0,2700.0,3200,3000,800.0,300.0,9,yes,8,no,33900.0,10002311011,793
253,Brandon Davis,4200.0,3500.0,4400.0,5500.0,700.0,2000,1500.0,2700.0,2300,1600,1200.0,4100.0,11,no,6,yes,20900.0,101101212111,482
254,Daisy Pollard,4100.0,1200.0,3900.0,3200.0,1100.0,1800,2400.0,200.0,1900,2600,1000.0,3700.0,10,yes,2,no,30300.0,2312011,979
255,Brooke Hudson,2300.0,2900.0,400.0,2300.0,3500.0,3100,3700.0,2400.0,1700,2700,2900.0,500.0,12,no,3,yes,5800.0,122122111111,520
256,Lisa Stevens,4500.0,2800.0,1700.0,2000.0,1600.0,2300,3900.0,2300.0,2000,3500,1600.0,1800.0,11,no,2,yes,23200.0,20123210010,10
257,Courtney Bell,3800.0,2800.0,2800.0,1700.0,3200.0,2800,1500.0,2600.0,3400,3400,3400.0,3000.0,12,yes,4,no,9300.0,123022112112,87
258,Chad Mora,4600.0,2100.0,0.0,4600.0,3700.0,2200,2800.0,1900.0,2000,2500,400.0,0.0,10,no,9,yes,31200.0,211220110,541
259,Felicia Curtis,6100.0,3300.0,4700.0,6600.0,600.0,2900,2000.0,3300.0,3500,3700,700.0,4300.0,11,no,7,yes,29900.0,102001212112,548
260,Louis Brown,5600.0,600.0,1600.0,2100.0,1400.0,1300,2300.0,300.0,1600,1400,100.0,1900.0,7,yes,2,no,43900.0,121122111010,628
261,Cheryl Anderson,4700.0,2200.0,3700.0,900.0,100.0,1200,2700.0,2100.0,2200,1300,500.0,3400.0,8,no,8,no,33200.0,20122211010,536
262,April Scott,4600.0,3600.0,4400.0,3100.0,4400.0,1900,200.0,3500.0,3500,2200,1600.0,4100.0,11,no,4,no,19700.0,111101211111,841
263,Charles Steele,3300.0,1700.0,2000.0,3000.0,1400.0,2900,4000.0,600.0,2400,2900,2000.0,2100.0,11,yes,3,no,12300.0,2002211111,827
264,Caitlin Buchanan,4000.0,800.0,3500.0,2600.0,3000.0,2600,800.0,800.0,3100,2600,2800.0,3500.0,9,yes,7,no,18300.0,101320010,158
265,Connor Palmer,4600.0,3200.0,4500.0,3900.0,1500.0,2200,2600.0,3500.0,3300,2400,1200.0,4300.0,11,no,11,no,22000.0,2012110210,541
266,Jacob Quinn MD,2500.0,1800.0,1300.0,500.0,3500.0,1500,600.0,1700.0,2700,1000,2400.0,1500.0,10,yes,3,yes,11700.0,111002211011,605
267,Ricky Ramirez,3500.0,3400.0,2800.0,2700.0,3000.0,1700,2900.0,3000.0,1100,1100,2900.0,2500.0,12,no,10,yes,15000.0,101311111,238
268,Kim Graham,4700.0,3600.0,2200.0,3100.0,4200.0,2800,2200.0,3700.0,3600,2100,1300.0,2200.0,10,yes,11,yes,18200.0,11112210010,261
269,Emily Williams,2600.0,1900.0,2500.0,900.0,2600.0,2500,2000.0,2000.0,2300,1400,2000.0,2600.0,11,no,5,yes,10200.0,2002111111,546
270,Jose Hall,2900.0,2200.0,1900.0,100.0,2600.0,1700,1600.0,1800.0,1300,1700,2800.0,2100.0,9,no,6,yes,14900.0,11122220111,52
271,Caitlin Morris,3600.0,3000.0,1800.0,2900.0,4500.0,2500,200.0,2300.0,2600,2000,1100.0,1900.0,10,yes,9,no,16200.0,1012321011,502
272,Vickie Jones,4500.0,2300.0,4100.0,4500.0,1100.0,1300,1800.0,1700.0,1400,1400,2400.0,3500.0,9,yes,5,no,26700.0,12032110110,492
273,Michael White,3900.0,2600.0,2100.0,2800.0,3700.0,2800,3600.0,2700.0,2900,2800,800.0,2300.0,10,yes,4,no,18300.0,21023211010,335
274,Kristine Williams,4200.0,2900.0,2100.0,1200.0,3300.0,2200,1500.0,3200.0,1400,2200,500.0,2200.0,8,no,8,yes,28900.0,101002211111,852
275,Madeline Graham,2500.0,2600.0,4100.0,2000.0,4200.0,2700,2200.0,2300.0,1700,2200,3600.0,3800.0,12,yes,9,yes,4400.0,10111320010,661
276,Alex Cooper,3300.0,2900.0,3900.0,4400.0,4000.0,1400,1000.0,1800.0,2400,1300,1400.0,3700.0,12,yes,10,no,11200.0,21012322012,335
277,Sean Martinez,4500.0,3700.0,2600.0,3900.0,3100.0,3200,2800.0,3700.0,2100,3100,1100.0,2400.0,9,no,7,yes,20000.0,101001212112,379
278,Michelle Murphy,4600.0,2400.0,3600.0,1000.0,2300.0,1700,1100.0,2200.0,1800,1600,1600.0,3500.0,9,no,3,no,31000.0,1002211110,966
279,Tina Brown,5200.0,3000.0,1800.0,4600.0,3500.0,1800,200.0,2900.0,1600,1100,800.0,2100.0,10,no,7,no,34100.0,121211211011,913
280,James Smith,3100.0,1700.0,1500.0,800.0,2800.0,1700,600.0,800.0,3100,1300,300.0,1500.0,8,yes,5,yes,22000.0,1002211111,182
281,Catherine Williams,4400.0,3900.0,2800.0,3900.0,3600.0,3000,2800.0,3800.0,1600,3000,1400.0,2800.0,11,yes,10,no,20100.0,101310010,379
282,James Conner,2700.0,700.0,900.0,200.0,2900.0,1200,1000.0,400.0,1000,900,2800.0,1200.0,9,yes,11,no,21000.0,121112211011,236
283,Kayla Martin,3200.0,3200.0,1300.0,5200.0,1300.0,1500,3800.0,2800.0,1800,1900,2100.0,1500.0,12,yes,4,yes,13000.0,113122110111,54
284,Mark Armstrong,3800.0,2000.0,3600.0,1300.0,3100.0,1600,100.0,1100.0,1300,1100,1200.0,3500.0,8,no,3,no,24500.0,10102321011,840
285,Michael Mcdonald,3200.0,2000.0,3100.0,2400.0,4100.0,1900,2400.0,1400.0,1500,2900,2100.0,3000.0,12,no,8,no,11400.0,10112320010,962
286,Jacob Heath,5300.0,3000.0,4400.0,2600.0,2900.0,2000,500.0,3200.0,3900,3800,100.0,4200.0,7,no,2,yes,28400.0,10012322011,266
287,Ashley Nelson,3600.0,1000.0,3200.0,2200.0,2700.0,1900,3400.0,1300.0,3600,2200,1800.0,3200.0,11,yes,3,no,10600.0,11011212011,133
288,James Walker,5600.0,3100.0,2600.0,900.0,2400.0,1300,2000.0,3200.0,3100,1300,0.0,2700.0,7,no,7,yes,40200.0,111102211111,387
289,Brett Vargas,3600.0,3500.0,1200.0,800.0,2800.0,2000,3400.0,3400.0,1300,2000,1400.0,1200.0,10,no,6,yes,17500.0,2312011,186
290,Stacy Clark,2100.0,0.0,200.0,0.0,2100.0,1100,400.0,0.0,1400,900,2900.0,200.0,8,yes,10,no,18800.0,21032111010,23
291,Deborah Lawson,3700.0,3600.0,600.0,3900.0,2000.0,3000,4000.0,3700.0,2800,3700,400.0,1000.0,11,yes,12,yes,12900.0,11012221111,387
292,Jennifer Hunter,2700.0,3800.0,3100.0,1400.0,4400.0,1800,2900.0,3600.0,1500,2000,3800.0,3000.0,12,no,11,yes,4700.0,12021111112,147
293,Raymond Barber,5000.0,2000.0,4600.0,4800.0,600.0,1100,3100.0,1900.0,1300,1100,1100.0,4300.0,10,no,9,yes,31000.0,102111110211,526
294,Jeffrey Brown,2500.0,300.0,300.0,100.0,2600.0,1500,3800.0,400.0,1100,1200,3600.0,400.0,10,yes,9,yes,12300.0,21112210010,837
295,Nathan Cannon,4900.0,3500.0,3900.0,6500.0,1400.0,3100,2700.0,3300.0,3400,3800,1300.0,3700.0,12,no,6,yes,18400.0,10013210010,211
296,Matthew Fisher,3500.0,2400.0,1100.0,6300.0,1400.0,2900,2000.0,1000.0,2900,3200,1800.0,1200.0,11,yes,7,no,16100.0,10112321011,62
297,Kevin Douglas,4600.0,2500.0,4900.0,4700.0,4300.0,2800,800.0,2700.0,2900,2800,1400.0,4400.0,11,no,4,yes,16900.0,102101211111,358
298,Shawn Ward,4100.0,3400.0,3600.0,2100.0,300.0,1100,2900.0,2400.0,1100,1200,1900.0,3400.0,11,yes,7,no,23500.0,21122111010,133
299,Marilyn Harmon,3800.0,3500.0,2800.0,4800.0,4000.0,2600,500.0,3500.0,3800,3000,500.0,3000.0,9,no,12,yes,14400.0,101002111111,290
300,Cassandra Cummings,3500.0,2500.0,1300.0,5800.0,3100.0,3200,3100.0,2100.0,3100,2900,3700.0,1200.0,12,no,12,yes,6900.0,10112310010,670
301,April Peterson,3500.0,100.0,2800.0,800.0,3800.0,2700,500.0,500.0,3300,1400,1600.0,2800.0,9,no,4,yes,20400.0,102211010,877
302,Gabrielle Lane,5100.0,2200.0,4000.0,2800.0,4500.0,2200,0.0,2700.0,3700,1100,100.0,4100.0,7,yes,12,no,30600.0,111112211111,441
303,Paul Robles,3200.0,200.0,2800.0,1100.0,1500.0,1300,1700.0,100.0,1800,1200,2700.0,2500.0,10,no,6,yes,15700.0,101101211111,105
304,Mark Ward,3200.0,1300.0,0.0,100.0,4600.0,2100,2600.0,800.0,2600,1700,3500.0,0.0,9,yes,12,yes,16400.0,101101221112,579
305,David Landry,5000.0,4000.0,3500.0,4300.0,4200.0,1800,300.0,3900.0,1300,1300,100.0,3600.0,10,no,11,yes,25000.0,3011121212,431
306,Elizabeth Wilson,4000.0,1600.0,3600.0,1100.0,3200.0,1900,1300.0,1000.0,1400,1700,2500.0,3400.0,10,no,5,yes,19700.0,201310010,328
307,Amanda Johnson,4700.0,2600.0,4400.0,2200.0,200.0,1800,2100.0,2100.0,1900,2300,1000.0,4100.0,10,yes,11,no,31100.0,111101212011,961
308,Jennifer Austin,4500.0,3500.0,4200.0,2400.0,1500.0,1300,600.0,3300.0,3100,2500,100.0,3800.0,7,no,7,yes,27600.0,102011111111,523
309,Troy Thompson,4600.0,3100.0,3000.0,5800.0,4500.0,3200,1000.0,3100.0,3200,3600,2600.0,2900.0,11,no,10,yes,15800.0,101002112011,297
310,Zoe Mcmillan,3000.0,1200.0,2000.0,400.0,4000.0,1600,700.0,1000.0,1100,900,1800.0,2000.0,9,yes,7,yes,18100.0,103001111211,444
311,Jessica Rice,5700.0,3100.0,4600.0,6100.0,3500.0,3100,2900.0,3500.0,3900,4000,2100.0,4300.0,11,yes,11,no,17700.0,102001112112,679
312,Cynthia Bond,4200.0,3000.0,800.0,3300.0,4300.0,3000,1900.0,2900.0,3700,2700,800.0,1100.0,10,yes,11,yes,21300.0,1012110110,485
313,Paul Brown,4100.0,2200.0,4600.0,3600.0,3800.0,1200,0.0,2400.0,3000,1000,1300.0,4200.0,8,yes,4,no,18400.0,112011112111,124
314,Alexandra Miller,3800.0,1600.0,2000.0,1300.0,700.0,1100,3800.0,1100.0,1000,1200,3400.0,2000.0,11,no,4,yes,24200.0,12012211111,783
315,Cassandra Garcia,5000.0,3900.0,3700.0,4900.0,2800.0,2400,800.0,3800.0,3300,2700,400.0,3600.0,9,yes,6,no,23800.0,112111112112,587
316,Brandy Collins,4200.0,1100.0,4600.0,300.0,200.0,1000,500.0,400.0,2300,1100,0.0,4200.0,7,no,10,yes,37800.0,10101311011,370
317,Thomas Rogers,4000.0,2700.0,4500.0,6000.0,800.0,2200,3000.0,1700.0,2200,3700,2500.0,4100.0,12,no,5,yes,10100.0,201320110,210
318,Sierra Bates,5000.0,3800.0,1300.0,4800.0,1800.0,2500,3200.0,3600.0,3000,3500,0.0,1600.0,7,no,3,yes,28600.0,1101321111,399
319,Robert Black,5600.0,3500.0,4400.0,6300.0,3900.0,2400,2200.0,3200.0,3100,3300,1100.0,4000.0,12,no,4,yes,20300.0,10102321011,183
320,William Carter,4300.0,1400.0,4300.0,1700.0,2900.0,1100,300.0,1100.0,1200,900,200.0,4000.0,8,no,6,yes,33300.0,21023211011,243
321,Miranda Ross,3300.0,2100.0,4300.0,3900.0,4700.0,2700,700.0,1700.0,1200,1500,1700.0,4000.0,11,no,11,yes,13400.0,1001212112,348
322,Crystal Garcia,4000.0,300.0,900.0,1500.0,1300.0,1200,700.0,200.0,2500,1500,900.0,1100.0,7,no,2,no,29700.0,10012311011,438
323,Paige Oconnell,3500.0,1300.0,3200.0,6100.0,4000.0,1600,900.0,1100.0,1000,1100,3700.0,3300.0,12,no,8,yes,13500.0,121131212011,125
324,Ivan Reed,4000.0,2900.0,100.0,1100.0,4000.0,1700,1100.0,3000.0,2100,1500,1500.0,100.0,8,no,10,yes,22700.0,10011211010,364
325,Monica Underwood,2100.0,800.0,2700.0,700.0,4100.0,1300,3000.0,300.0,1000,1200,3700.0,2300.0,12,no,6,yes,6100.0,110201321011,287
326,Kenneth Rodriguez,5000.0,3000.0,2800.0,2100.0,1800.0,1000,1000.0,3300.0,1800,1000,200.0,3100.0,8,yes,3,no,34400.0,101101322112,863
327,Ethan Scott,4500.0,3200.0,3900.0,4400.0,2800.0,1900,2200.0,2400.0,2200,2600,3500.0,3800.0,11,yes,2,no,17700.0,10102322011,2
328,Elizabeth Robbins,4400.0,3800.0,900.0,4100.0,3000.0,2400,3500.0,3500.0,1900,3300,1000.0,1300.0,11,no,2,no,21000.0,100201210010,124
329,Mary Brooks,4500.0,3500.0,500.0,4700.0,400.0,2800,2700.0,3500.0,3400,3300,500.0,800.0,10,yes,7,no,24800.0,10102210010,496
330,Shawn Mendoza,3300.0,2300.0,2300.0,1600.0,2700.0,1900,2700.0,2200.0,2700,3100,2800.0,2300.0,11,yes,3,no,14600.0,112121110111,926
331,Patrick Peters,2900.0,2700.0,4700.0,2000.0,1600.0,1900,3600.0,2300.0,2100,2200,3200.0,4300.0,12,no,4,no,5200.0,101001213011,279
332,Ryan Waters,4100.0,2600.0,1900.0,1500.0,3700.0,2800,2700.0,2600.0,3400,3000,600.0,2100.0,10,yes,8,yes,23500.0,20122211010,640
333,Rebekah Perry,3600.0,3900.0,4700.0,4200.0,4100.0,2100,700.0,3800.0,3500,2400,3100.0,4200.0,12,no,9,yes,7800.0,111101312112,605
334,Daniel Stout,4500.0,2000.0,2500.0,4300.0,4300.0,2700,1400.0,2200.0,2600,1900,800.0,2600.0,11,yes,9,no,24700.0,10102211011,646
335,Scott Ramirez,3400.0,2700.0,500.0,3500.0,4000.0,3200,3900.0,2600.0,2600,3200,3000.0,700.0,12,yes,2,no,6300.0,112112111110,955
336,Gabriel Pierce,4700.0,2900.0,4200.0,1100.0,1900.0,2500,3000.0,3000.0,3700,2800,200.0,4100.0,9,no,1,yes,26400.0,101102210110,784
337,Sandra Smith,4500.0,2300.0,2800.0,200.0,3800.0,2600,1400.0,3100.0,2300,2200,2500.0,3100.0,10,no,10,yes,23800.0,1211010,144
338,Sarah Clark,3600.0,300.0,2600.0,600.0,300.0,1200,2400.0,100.0,1800,1100,600.0,2600.0,8,no,11,yes,31800.0,11012210110,608
339,Amanda Christensen,3300.0,2000.0,200.0,800.0,4400.0,2900,100.0,1700.0,4000,2700,1300.0,300.0,8,yes,8,no,14200.0,11012110110,701
340,Andrea Edwards,5100.0,3300.0,2400.0,6100.0,3200.0,2900,3300.0,3100.0,2500,3500,900.0,2300.0,11,yes,6,yes,26300.0,100102311011,365
341,Theresa Hughes,4000.0,2300.0,1700.0,3700.0,200.0,2000,2000.0,1600.0,1200,2100,1700.0,2100.0,10,no,7,no,27300.0,10102320111,351
342,Danielle Barber,4100.0,3700.0,1600.0,1300.0,4300.0,1800,2300.0,3700.0,3600,2800,100.0,1900.0,9,yes,4,no,16300.0,112111212112,50
343,Wendy Anderson,4200.0,1700.0,1000.0,2200.0,4100.0,2200,2300.0,1700.0,3500,2900,1000.0,1300.0,8,no,4,yes,24200.0,1111210110,391
344,Randall Fisher,4300.0,2200.0,4200.0,4900.0,4000.0,2000,800.0,1700.0,2200,1100,1200.0,3900.0,12,yes,5,no,16700.0,20022212011,2
345,Jennifer Pittman,4100.0,2600.0,4500.0,3700.0,900.0,1500,1500.0,2500.0,1900,2000,1400.0,4100.0,10,no,11,yes,19500.0,10101321011,19
346,Jennifer Johnson,3300.0,700.0,1700.0,300.0,1000.0,1100,1900.0,400.0,1500,1400,2100.0,2100.0,10,yes,7,no,24100.0,11111220111,114
347,Brian Ortiz,2700.0,3100.0,4400.0,3400.0,4200.0,3200,2700.0,2800.0,2200,2300,3300.0,4100.0,12,yes,10,no,4100.0,103002112211,633
348,Michael Hines,4200.0,3400.0,1400.0,1800.0,2400.0,2600,2700.0,3100.0,2000,3100,700.0,1600.0,8,yes,11,no,19700.0,21032120010,386
349,Ivan Jacobs,3900.0,2000.0,300.0,1300.0,4000.0,2800,2300.0,1300.0,3400,2800,3300.0,300.0,10,no,10,no,17300.0,10123110010,0
350,Lori Nelson,3300.0,3700.0,900.0,2800.0,1500.0,3200,3200.0,3600.0,2200,2800,2700.0,1100.0,10,yes,8,no,9600.0,112012112111,34
351,Jacqueline Curtis,3900.0,3300.0,2100.0,3500.0,3700.0,1800,500.0,3100.0,1800,1700,100.0,2200.0,9,no,12,no,17800.0,111111211011,189
352,Summer Campos,3900.0,900.0,3500.0,5200.0,4000.0,2700,1700.0,600.0,3600,2600,2200.0,3200.0,12,no,8,no,15000.0,101320111,21
353,Evan Lewis,2900.0,2000.0,1100.0,2300.0,1100.0,2500,3900.0,1300.0,1900,3500,3700.0,1200.0,12,no,12,yes,9100.0,10112210010,366
354,Mark Burgess,2900.0,3200.0,600.0,100.0,4700.0,3200,1100.0,3500.0,3700,2800,1400.0,600.0,8,no,5,yes,5600.0,12011111111,412
355,Sarah Hutchinson,5000.0,2500.0,2400.0,1400.0,3300.0,2700,1500.0,2700.0,3000,2400,1000.0,2700.0,7,yes,9,no,27900.0,1012220110,685
356,Thomas Smith,4700.0,2800.0,2500.0,900.0,2400.0,2100,1000.0,3300.0,2400,1700,2000.0,2600.0,11,no,8,no,27500.0,103001112212,762
357,Anna Miller,3200.0,2000.0,3300.0,1700.0,3900.0,1400,1000.0,1000.0,2300,1600,1600.0,3200.0,8,no,7,yes,14600.0,121121211011,941
358,Mark Preston,5100.0,2400.0,1400.0,5100.0,100.0,2100,4000.0,2800.0,1400,3600,600.0,1700.0,10,no,3,no,34400.0,201320010,638
359,Mackenzie Walker,4100.0,3700.0,4700.0,1900.0,300.0,1800,3100.0,3300.0,2100,2600,1000.0,4300.0,11,no,7,yes,11300.0,112111111111,32
360,Heather Jones,6000.0,4000.0,1700.0,5100.0,900.0,2300,4000.0,4000.0,3700,3900,1800.0,2000.0,11,yes,10,no,25100.0,10111210010,992
361,Eric Wells,4400.0,3400.0,3600.0,1700.0,4500.0,2600,2800.0,3300.0,3600,2800,0.0,3600.0,10,yes,2,yes,19000.0,100211210110,110
362,Monica Jones,3200.0,100.0,1100.0,1600.0,3600.0,1900,1500.0,0.0,3400,1800,500.0,1100.0,9,no,4,no,24900.0,10023110010,608
363,Jennifer Thomas,5200.0,3700.0,1600.0,1300.0,4600.0,2300,200.0,3800.0,3800,3400,2300.0,1800.0,10,yes,6,no,26100.0,102021110110,817
364,Joanne Fernandez,2900.0,2600.0,2200.0,4000.0,1100.0,2600,3600.0,2000.0,1400,2400,2200.0,2200.0,11,no,8,no,11900.0,12012110110,436
365,Tamara Ramirez,5200.0,3700.0,2100.0,6500.0,3700.0,3300,2200.0,3900.0,3900,4000,1600.0,2200.0,11,no,5,yes,18200.0,111111211011,979
366,Kimberly Goodman,4200.0,2400.0,600.0,1200.0,2300.0,2500,3700.0,2800.0,1500,1900,3500.0,800.0,9,yes,10,yes,20800.0,11112210111,329
367,Dustin Meyer,5300.0,2800.0,4400.0,3100.0,1500.0,1800,800.0,3300.0,1600,2300,300.0,4100.0,7,no,5,yes,35500.0,1002321111,766
368,Keith Spencer,3000.0,1100.0,1800.0,2800.0,2700.0,1200,1700.0,500.0,1100,1100,2200.0,1500.0,11,yes,4,no,25700.0,100001312011,677
369,Randy Bennett,3600.0,1800.0,3300.0,2000.0,400.0,1600,3900.0,700.0,1200,2100,1200.0,3200.0,11,no,7,no,22000.0,101102110110,988
370,Paul Diaz,4100.0,2900.0,900.0,1900.0,2800.0,1700,1500.0,2500.0,2200,2100,900.0,900.0,9,yes,2,no,27100.0,11011212011,35
371,Jennifer Petty,3600.0,3100.0,1300.0,1900.0,2500.0,2900,500.0,1400.0,3400,3300,2200.0,1500.0,8,no,4,yes,17700.0,21022211011,674
372,Richard Smith,3800.0,800.0,800.0,0.0,3900.0,1600,3000.0,800.0,1500,1600,300.0,1200.0,6,yes,10,no,30300.0,101101321111,354
373,Troy Martinez,3500.0,3600.0,1100.0,600.0,2500.0,2300,2500.0,2900.0,3700,3200,100.0,1400.0,7,yes,9,no,21500.0,10112210010,162
374,Mark Jackson,5200.0,3300.0,4100.0,6200.0,2700.0,2900,800.0,2500.0,1600,3200,2400.0,3600.0,11,no,5,no,25400.0,20122320011,662
375,Vincent Wright,4400.0,3900.0,1900.0,4700.0,4000.0,3300,2400.0,3900.0,3100,3900,2300.0,1500.0,11,no,2,yes,10000.0,101111110110,374
376,Caleb Harvey,4400.0,2800.0,4300.0,900.0,3800.0,2000,1000.0,2500.0,1600,1800,2400.0,4100.0,11,yes,6,no,18900.0,11012212011,299
377,Joseph Brown,2600.0,2600.0,4500.0,2700.0,1000.0,2700,3500.0,1500.0,3300,2900,2500.0,4000.0,12,no,9,yes,6500.0,1012110110,599
378,Alexander Davis,4300.0,3200.0,3200.0,2100.0,700.0,1600,2800.0,2500.0,1700,2200,3000.0,2800.0,10,no,7,no,22000.0,1102220111,539
379,Debra Cruz,2600.0,2400.0,1700.0,3600.0,4700.0,3100,400.0,2300.0,3600,2400,1700.0,1900.0,11,yes,2,no,5400.0,103012111211,186
380,Joseph Bryant,2800.0,2000.0,3300.0,2300.0,1600.0,1200,600.0,1500.0,1200,1300,3100.0,3000.0,10,yes,9,yes,12000.0,1112210110,974
381,David Moore,4000.0,3200.0,1700.0,3600.0,3000.0,1600,1200.0,2300.0,1500,1600,500.0,1700.0,11,no,11,yes,22800.0,112111221112,966
382,John Miller,4400.0,2000.0,3700.0,4600.0,3700.0,2000,1100.0,1900.0,3000,2400,900.0,3500.0,12,no,10,yes,17600.0,100102210110,464
383,Robert Rivera,4000.0,2900.0,3700.0,1400.0,4500.0,1900,200.0,1900.0,2600,2000,1500.0,3500.0,9,yes,8,no,19800.0,10101321010,368
384,Adam Long,4400.0,3800.0,1500.0,3600.0,2900.0,1400,1500.0,3600.0,3200,2500,1100.0,1800.0,9,yes,12,yes,21400.0,20211311011,773
385,Andre Armstrong,2900.0,1200.0,1100.0,3600.0,3600.0,2800,3600.0,700.0,1400,2600,2000.0,1000.0,11,yes,9,no,13100.0,21131110010,222
386,Tammy Green,4300.0,3000.0,100.0,2000.0,700.0,1600,1600.0,2600.0,2000,3000,2600.0,100.0,10,yes,12,yes,28900.0,123121111112,858
387,Thomas Diaz,4700.0,3200.0,2600.0,1500.0,4100.0,1600,1100.0,3100.0,2800,2400,600.0,3000.0,8,no,7,yes,25100.0,113012112111,472
388,David Peterson,4100.0,3300.0,3200.0,5000.0,2300.0,1300,800.0,3300.0,2000,1100,400.0,3500.0,11,no,4,yes,22700.0,110111211011,307
389,Rhonda Garcia,4600.0,1700.0,3300.0,2700.0,700.0,1000,3900.0,1600.0,1900,2400,300.0,3500.0,10,yes,2,no,27100.0,102211110110,598
390,Sherri Bell,4500.0,3200.0,200.0,3500.0,4100.0,3200,2900.0,3400.0,3600,3700,3200.0,400.0,10,yes,7,no,14900.0,101321111,720
391,Hector Ellison,4800.0,3500.0,500.0,3000.0,1100.0,2000,2100.0,3300.0,3000,3800,3400.0,800.0,11,yes,3,no,30100.0,112012111111,956
392,Amy Parker,2900.0,3700.0,4500.0,2700.0,3100.0,2100,2200.0,3200.0,1900,3000,2500.0,4100.0,12,no,3,yes,4400.0,21023110010,469
393,Donald Wise,4000.0,2000.0,4900.0,6300.0,3400.0,1600,3000.0,1000.0,2300,3100,1900.0,4400.0,12,yes,11,no,7100.0,122111212112,986
394,Crystal Bailey,5300.0,3100.0,3600.0,5800.0,2200.0,2000,3600.0,2900.0,2100,3400,600.0,3400.0,11,yes,2,no,28500.0,11022111010,251
395,Mary Watson,2800.0,1300.0,500.0,2700.0,3000.0,2100,1900.0,1300.0,1900,1900,1600.0,600.0,11,yes,3,yes,13700.0,21121221011,25
396,William King,2900.0,800.0,1700.0,3600.0,2800.0,1300,0.0,900.0,1400,900,700.0,2000.0,8,no,3,yes,23800.0,111211210110,286
397,Jennifer Archer,4000.0,3300.0,200.0,3200.0,3700.0,1900,3800.0,3100.0,2100,1600,700.0,200.0,11,no,9,yes,22700.0,201320011,965
398,John Johnson,2100.0,800.0,1800.0,500.0,3500.0,1200,1000.0,300.0,1500,900,1300.0,1700.0,9,no,9,yes,14400.0,101321011,369
399,Christine Ford,4400.0,2900.0,2300.0,5700.0,2000.0,2100,900.0,2300.0,2200,2800,200.0,2200.0,9,no,3,yes,24300.0,20212320011,989
400,Kimberly Miller,4100.0,3700.0,500.0,500.0,4400.0,2600,3400.0,3500.0,1500,2100,1600.0,800.0,10,yes,3,no,16300.0,10112320111,334
401,Christina Christensen,5100.0,3500.0,4400.0,6400.0,600.0,2400,2500.0,3000.0,3400,3800,3100.0,3900.0,12,no,5,yes,17100.0,112011112112,374
402,Amy Crawford,2500.0,1800.0,4000.0,4100.0,100.0,1700,3900.0,1000.0,3300,3300,2700.0,3700.0,12,yes,8,no,5800.0,112112110110,393
403,Michelle Brown,3800.0,1400.0,2400.0,1100.0,4500.0,2500,2200.0,1200.0,1600,1900,3000.0,1800.0,11,yes,4,no,16500.0,10002312011,551
404,Helen Martinez,4900.0,1200.0,1500.0,3900.0,3500.0,1700,1300.0,800.0,2500,1900,1100.0,1800.0,10,yes,7,no,31200.0,11112211010,244
405,Roger Ramirez,5000.0,2400.0,900.0,400.0,2800.0,1800,1900.0,3000.0,3900,2800,500.0,1200.0,8,yes,5,yes,33000.0,10112210010,998
406,Pamela Fischer,2900.0,2400.0,200.0,200.0,2800.0,1300,3400.0,1600.0,2400,1700,1400.0,200.0,7,no,8,yes,16200.0,100102320111,432
407,Mary Byrd,3100.0,3000.0,0.0,3100.0,4700.0,2800,3800.0,3100.0,1700,2600,2700.0,0.0,12,no,5,yes,11500.0,11112110110,223
408,Lisa Taylor,5600.0,2100.0,4800.0,5900.0,2000.0,2000,1800.0,1800.0,3200,3400,300.0,4400.0,10,yes,10,no,28400.0,13022111112,200
409,Tiffany Simon,3000.0,3600.0,100.0,300.0,4500.0,2800,1000.0,3700.0,3300,3000,2100.0,300.0,10,no,7,yes,13300.0,11112221111,239
410,Dominique Price,3800.0,2900.0,3200.0,2900.0,3600.0,1400,900.0,2600.0,1000,1400,3300.0,2900.0,9,no,2,yes,18600.0,111111211011,806
411,Dalton Price,3100.0,900.0,2000.0,2600.0,2900.0,1300,600.0,100.0,2900,1300,1900.0,2200.0,10,yes,9,no,17300.0,10013320010,47
412,Jerome Walker,3700.0,2900.0,2900.0,1800.0,2600.0,1100,200.0,2800.0,3700,1100,1400.0,3000.0,11,no,10,yes,18200.0,10112310010,54
413,Michael Higgins,4600.0,3500.0,3400.0,3000.0,1500.0,1800,2900.0,3300.0,3300,2500,300.0,3400.0,11,yes,10,no,22000.0,11012211011,152
414,Yolanda Stewart,3500.0,1900.0,3500.0,2800.0,600.0,1000,900.0,1100.0,1300,1100,2100.0,3600.0,10,yes,7,no,16800.0,10012211010,157
415,Brenda Robinson,6200.0,2500.0,4700.0,6700.0,700.0,1700,2800.0,2000.0,2200,3000,500.0,4400.0,10,no,11,yes,31700.0,10112211010,837
416,Sandra Freeman,4200.0,3500.0,400.0,4200.0,3600.0,2600,2000.0,3400.0,3800,2900,900.0,600.0,11,yes,1,no,17500.0,111112211111,901
417,John Frost,5700.0,3200.0,4200.0,5700.0,1900.0,1700,2100.0,2700.0,2800,2900,100.0,4000.0,10,no,2,yes,28400.0,112111212012,534
418,Vincent Robinson,2600.0,2100.0,300.0,100.0,4500.0,1600,2600.0,2500.0,1200,1200,3100.0,400.0,11,yes,5,no,13000.0,121111212011,801
419,Darren Conrad,5100.0,2500.0,4500.0,5300.0,4200.0,2700,500.0,3300.0,3900,2200,300.0,4300.0,11,yes,11,no,19600.0,11011320111,122
420,David Mendoza,4500.0,2200.0,4400.0,5300.0,600.0,1100,3000.0,2000.0,1100,1300,2400.0,4100.0,11,yes,8,no,22300.0,10112211010,805
421,Kathleen Wong,3700.0,3500.0,600.0,2600.0,4000.0,3300,2100.0,3500.0,3900,3800,3700.0,900.0,11,yes,11,yes,12100.0,103111111212,715
422,Nicholas Williams,4500.0,3900.0,3100.0,6100.0,4500.0,3100,2500.0,3900.0,3600,3500,3100.0,3500.0,12,yes,6,no,7400.0,101101210110,350
423,Brandi Gilbert,3900.0,3400.0,2300.0,4300.0,3300.0,1800,1100.0,3500.0,3800,2300,800.0,2400.0,11,yes,11,no,18500.0,112012111110,167
424,Rita Hughes,3400.0,2000.0,3000.0,1100.0,1600.0,1100,900.0,1400.0,2000,1400,2200.0,2700.0,10,no,6,yes,23100.0,12033111010,741
425,Janet Palmer,3400.0,2300.0,900.0,700.0,3700.0,1400,900.0,1400.0,3000,1400,2000.0,1200.0,7,yes,7,no,21200.0,10102321010,235
426,Jason Wang,4000.0,1500.0,3600.0,3400.0,2600.0,1200,700.0,1100.0,1300,1300,1400.0,3500.0,9,no,12,yes,24900.0,12022111111,717
427,Melissa Hubbard,4100.0,2600.0,2400.0,2100.0,1800.0,1700,3600.0,2500.0,1200,2000,1600.0,2400.0,10,yes,2,no,23800.0,2011220211,561
428,Dr. Gary Romero,4000.0,2600.0,1700.0,4300.0,4700.0,3300,1000.0,2800.0,3500,2700,3000.0,2000.0,11,no,11,yes,10300.0,111111212011,227
429,Todd Wright,4200.0,3100.0,900.0,4600.0,3800.0,2400,2300.0,2200.0,3200,2300,1100.0,1000.0,10,yes,2,no,22300.0,101101220111,292
430,Pamela King,4200.0,2900.0,1600.0,1700.0,1800.0,2800,3700.0,2800.0,2600,3500,1500.0,1900.0,10,no,10,yes,21700.0,102012111111,947
431,Allison Rodriguez,2200.0,3600.0,1100.0,1700.0,2100.0,3000,3800.0,3200.0,2600,2900,3800.0,1100.0,12,no,1,yes,4200.0,111210010,553
432,Sara Meza,3900.0,3700.0,600.0,800.0,4100.0,3300,2400.0,3700.0,2900,3600,3800.0,700.0,11,no,4,yes,12100.0,121122111011,336
433,Ashley Hancock,4300.0,1900.0,1200.0,1700.0,3800.0,1900,3600.0,1800.0,1800,1900,2500.0,1800.0,11,yes,3,no,20300.0,121122212011,532
434,Nicholas Hoffman,4800.0,3200.0,4700.0,3900.0,500.0,2200,2400.0,3500.0,3800,3400,600.0,4400.0,11,yes,6,no,23000.0,111101212011,902
435,Omar Baker,3500.0,2400.0,1800.0,900.0,2100.0,2400,1900.0,2700.0,3300,3000,300.0,2200.0,9,yes,5,yes,13000.0,111102211111,579
436,Anthony Garcia,4100.0,3000.0,2600.0,1500.0,2700.0,1700,3000.0,2800.0,1700,1900,2500.0,2400.0,11,yes,1,yes,20300.0,11023110110,179
437,Kelly Bennett,4400.0,4000.0,3800.0,5900.0,4600.0,2900,2900.0,4000.0,3700,2600,2400.0,3600.0,12,no,11,yes,7900.0,1101211111,758
438,Dr. Betty Christian,3100.0,1400.0,200.0,2800.0,1200.0,2300,3800.0,1100.0,1300,1500,2200.0,200.0,11,yes,5,no,16200.0,1001221111,915
439,Victoria Cruz,4300.0,3900.0,3100.0,5100.0,1200.0,1500,2500.0,3700.0,1100,1400,200.0,3100.0,9,no,10,yes,23700.0,110102311011,677
440,Charlene Lowery,3300.0,3300.0,100.0,2400.0,4100.0,3200,3200.0,3600.0,2700,3000,1300.0,200.0,10,no,8,yes,8500.0,10101312011,106
441,Mr. Peter Richards IV,4600.0,1200.0,4900.0,5500.0,3100.0,2900,3200.0,800.0,3300,3500,1700.0,4400.0,11,yes,2,no,19800.0,102001213112,353
442,Stephen Watkins,3600.0,800.0,1700.0,5500.0,3600.0,2200,3700.0,500.0,2000,1900,2000.0,1800.0,11,yes,10,no,11700.0,1012111110,315
443,Kaitlyn Duffy,3300.0,3900.0,4400.0,4900.0,2700.0,1500,900.0,3800.0,1600,1200,200.0,4100.0,10,yes,6,yes,11600.0,1011211111,397
444,Robert Barker,3100.0,900.0,4100.0,3500.0,3300.0,1100,500.0,300.0,3700,1500,600.0,3900.0,10,yes,4,no,11900.0,101001212111,880
445,Wesley Aguilar Jr.,4700.0,3900.0,3900.0,4400.0,400.0,2300,3700.0,3700.0,1100,3700,1600.0,3700.0,11,yes,5,no,23400.0,102101212112,429
446,James Anthony,4800.0,2100.0,1600.0,1900.0,1500.0,1300,2200.0,1800.0,1300,1300,500.0,1900.0,8,yes,8,no,38300.0,111002211011,917
447,Monica Roach,4500.0,2600.0,1700.0,3000.0,1000.0,2800,3600.0,2400.0,3200,3800,2400.0,1900.0,11,no,9,no,18600.0,11012211011,857
448,Steven Lawrence,3900.0,2000.0,4800.0,2700.0,4200.0,1500,400.0,1000.0,1400,1100,1900.0,4300.0,12,no,7,no,18300.0,120212311010,519
449,David Salas,4400.0,3800.0,1000.0,5600.0,3300.0,2900,3800.0,3500.0,2000,3800,2500.0,1100.0,11,no,7,no,18900.0,10002321011,7
450,Victoria Gardner,5000.0,3800.0,4300.0,6000.0,1300.0,1300,2900.0,3800.0,1500,2500,1800.0,4100.0,11,no,9,yes,16900.0,21112212011,489
451,Jonathan Mccall,3000.0,1400.0,1300.0,600.0,3000.0,1100,1800.0,1100.0,1200,1600,600.0,1300.0,8,yes,5,no,19700.0,101320010,129
452,Rachel Larson,4400.0,3500.0,3600.0,2800.0,2300.0,1700,2900.0,3500.0,3000,3000,900.0,3400.0,11,no,4,yes,21600.0,111111212012,450
453,Nicholas Blake DVM,4400.0,3700.0,1600.0,3600.0,2300.0,1500,3400.0,3700.0,1900,3200,100.0,2100.0,11,no,5,yes,23300.0,12022111111,526
454,Daniel Anderson,4000.0,3500.0,1600.0,3700.0,2000.0,1900,2600.0,3500.0,3100,3500,2800.0,1900.0,11,yes,11,no,11300.0,102101211212,627
455,Rachel Foster,5700.0,3800.0,3500.0,4100.0,1000.0,2300,100.0,3900.0,2000,2900,700.0,3500.0,9,yes,2,yes,36100.0,11012110110,507
456,Benjamin Malone,5200.0,1500.0,3700.0,5700.0,100.0,1800,2300.0,700.0,1900,2300,2300.0,3600.0,11,no,3,yes,33300.0,201320110,595
457,George Cruz,4800.0,3200.0,1900.0,1500.0,600.0,1600,1800.0,3000.0,2900,3100,500.0,2400.0,9,yes,11,no,34400.0,110201322012,879
458,Dakota Peterson,3100.0,2900.0,2700.0,800.0,700.0,3100,3100.0,2500.0,3700,3700,700.0,2800.0,10,yes,6,yes,11600.0,111002212112,934
459,Joseph Jackson,5700.0,3000.0,3000.0,5700.0,2800.0,1700,1300.0,3000.0,1900,3100,600.0,3100.0,10,no,6,yes,35800.0,111121111010,876
460,Brenda Sanchez,2200.0,3500.0,2100.0,300.0,4600.0,2700,1500.0,3600.0,2900,1500,1800.0,2200.0,12,yes,5,yes,3900.0,120112322011,137
461,Brianna Sanchez,3900.0,3600.0,3500.0,5100.0,3400.0,2400,1100.0,3500.0,3500,3200,1800.0,3600.0,11,no,1,yes,16400.0,112111211111,967
462,Jacob Reid,4400.0,3400.0,1200.0,6000.0,700.0,3000,3700.0,2800.0,1500,3200,2600.0,1300.0,11,no,6,yes,21900.0,103011111211,205
463,Jessica Sanchez,4100.0,700.0,1200.0,1400.0,2400.0,2600,200.0,500.0,2900,2200,2100.0,1400.0,9,no,7,yes,30400.0,21112211011,721
464,Julie Aguilar,2300.0,700.0,1100.0,400.0,4700.0,1400,800.0,900.0,2400,1200,1000.0,1300.0,11,no,6,no,9700.0,122122111111,164
465,Elizabeth Williams,3800.0,2300.0,4000.0,5900.0,300.0,2000,3400.0,1900.0,3000,3200,2100.0,3600.0,11,no,3,yes,14500.0,10012321011,354
466,Ryan Johnson,4800.0,2900.0,4600.0,6300.0,100.0,1400,3900.0,2300.0,1300,2900,1300.0,4300.0,11,yes,8,no,17800.0,11002321111,195
467,Frank Anderson,4600.0,2400.0,2400.0,2100.0,700.0,1700,1200.0,2000.0,1600,1300,1600.0,2100.0,10,no,2,no,30500.0,1102210111,432
468,Jennifer Lee,4200.0,900.0,1000.0,2000.0,4300.0,1400,1300.0,800.0,1800,1500,200.0,1200.0,8,no,4,no,31000.0,111111221111,274
469,Sandy Carter,4500.0,3100.0,4800.0,2500.0,1300.0,3200,1400.0,2800.0,3400,3000,3000.0,4300.0,11,yes,6,yes,17600.0,101002212112,258
470,Jonathan Watts,4700.0,3800.0,3000.0,6600.0,2000.0,2300,3000.0,3400.0,2400,3500,1600.0,2900.0,12,no,10,yes,12300.0,10112211010,179
471,Stacy Wilkinson MD,4300.0,3100.0,1200.0,6400.0,4600.0,3200,2100.0,2900.0,3400,3200,3000.0,1300.0,12,no,5,yes,9700.0,111002212011,773
472,Kaitlyn Ford,3900.0,3300.0,2200.0,500.0,3800.0,3100,1400.0,3400.0,3900,3700,1400.0,2400.0,11,no,9,yes,12200.0,101201210110,789
473,Heather Morales,3600.0,3300.0,100.0,200.0,4600.0,3200,1100.0,3300.0,3500,3500,3600.0,200.0,10,yes,10,no,12400.0,1101311111,514
474,Katherine Stewart,5000.0,1200.0,3600.0,4800.0,3400.0,1700,2800.0,2200.0,3200,2800,700.0,3700.0,11,yes,12,no,17000.0,11023220110,165
475,Kurt Lewis,3900.0,3100.0,3800.0,1500.0,4400.0,2500,1600.0,2600.0,3200,2500,3000.0,3500.0,11,yes,10,yes,11200.0,101102111110,389
476,Julie Henson,3200.0,2900.0,1700.0,6400.0,3200.0,2400,4000.0,2800.0,2300,3200,3600.0,2100.0,12,no,2,no,4600.0,20112212011,244
477,Jordan Taylor,5000.0,2600.0,2500.0,5400.0,3400.0,3100,600.0,3000.0,2700,2400,3400.0,2600.0,11,no,8,yes,22200.0,102111110111,298
478,Tracy Cabrera,3000.0,2600.0,1800.0,1100.0,4600.0,2500,800.0,2700.0,2700,1200,1900.0,1600.0,11,yes,9,no,7100.0,112013111111,48
479,Christian Garrett,3400.0,1300.0,700.0,4700.0,3600.0,1300,1700.0,800.0,1500,1200,100.0,1200.0,9,yes,9,no,20800.0,113121120211,813
480,Victor Carlson,4000.0,500.0,1600.0,3500.0,1200.0,1600,1100.0,100.0,2500,1600,2400.0,1700.0,10,yes,3,no,22300.0,111111212011,7
481,Dana Carter,3300.0,3900.0,1000.0,5100.0,3800.0,2900,3700.0,3600.0,1700,3200,3100.0,900.0,12,no,5,yes,6500.0,111102212011,373
482,Denise Garza,4900.0,1900.0,4800.0,4700.0,2500.0,1200,2500.0,1000.0,1300,2700,2900.0,4300.0,12,no,5,yes,20500.0,10112110010,683
483,Holly Wall,4700.0,4000.0,4400.0,6500.0,2100.0,3200,3600.0,4000.0,3800,4000,1400.0,4100.0,12,no,2,no,9200.0,103001213212,209
484,Scott Cooper,5300.0,2600.0,1300.0,6000.0,2700.0,2400,2700.0,1700.0,1600,2600,1900.0,1300.0,11,yes,9,yes,31400.0,111111211111,976
485,Zachary Welch,3400.0,2700.0,1000.0,1000.0,4000.0,2100,600.0,1900.0,1300,1000,2200.0,800.0,10,no,10,yes,16600.0,102001112112,431
486,Ashley Ford,6500.0,3000.0,4200.0,6400.0,2100.0,1300,1000.0,3000.0,3700,3200,300.0,4200.0,9,no,9,no,38700.0,110101211011,116
487,Mary Sanders,4600.0,3200.0,700.0,5200.0,3700.0,1600,1400.0,2400.0,3900,3400,2500.0,900.0,10,no,6,yes,19700.0,20013212011,850
488,Mitchell Brown,4600.0,2500.0,2900.0,4600.0,2100.0,2300,3500.0,2100.0,1400,3200,1800.0,2800.0,11,no,11,yes,22400.0,121012212011,59
489,Alexis Benjamin,3500.0,2000.0,3800.0,6200.0,1000.0,1500,3400.0,1500.0,1800,2400,2800.0,3600.0,12,no,3,yes,9000.0,101001212111,758
490,Edgar Bowers,2900.0,3000.0,3300.0,5300.0,4000.0,1800,600.0,2400.0,3400,2200,900.0,3400.0,11,yes,8,no,5900.0,20122210010,477
491,Angela Salas,4800.0,3300.0,1700.0,600.0,4300.0,1900,700.0,3300.0,3300,3400,2300.0,2100.0,10,yes,12,yes,21000.0,20103312011,428
492,Nicole Carroll,3900.0,900.0,700.0,3700.0,1000.0,3300,3800.0,1300.0,3900,4000,2300.0,900.0,11,yes,3,no,17500.0,102101211112,619
493,Miranda White,3100.0,3500.0,3600.0,4300.0,3300.0,2800,2800.0,3000.0,3600,3000,2900.0,3200.0,12,yes,12,yes,4600.0,112011212112,768
494,Timothy Mclaughlin,2500.0,1300.0,100.0,700.0,3500.0,2200,3000.0,700.0,1800,2100,3100.0,200.0,10,no,2,yes,8600.0,201320011,991
495,Richard Baker,5000.0,3500.0,3800.0,6100.0,2800.0,2200,2800.0,3500.0,2300,3200,1600.0,3500.0,12,no,4,yes,14200.0,11111210010,175
496,Linda Barnett,4400.0,3100.0,1900.0,1400.0,400.0,1500,200.0,2500.0,1900,1400,2500.0,1700.0,9,yes,6,no,33100.0,22021222012,374
497,Kristen Thompson DDS,4500.0,3900.0,4300.0,4600.0,2800.0,2600,1900.0,3900.0,2200,3200,2400.0,4000.0,11,yes,6,yes,12900.0,111001212111,260
498,Vincent Norris,5100.0,1900.0,4100.0,5400.0,0.0,1100,1700.0,1900.0,1300,1300,200.0,3800.0,9,no,4,yes,40100.0,11011212011,449
499,Shannon James,3100.0,2500.0,1700.0,2600.0,2200.0,2700,400.0,2500.0,2700,1400,2600.0,2000.0,10,yes,1,no,19200.0,111012212011,410
